6,Dry Fruit Matka Kulfi (pack Of 2),161.02
6,Kesar Pista Stick Kulfi,55.08
6,Choco+malai Jugalbandi Slice Kulfi (pack Of 3),177.97
6,Shahi Gulkand Slice (pack Of 3),177.97
6,Gud Badaam Matka Kulfi (pack Of 2),161.02
6,Thandai Stick Kulfi,55.08
6,Combo 2,99
6,Chocolate Stick Kulfi,55.08
6,Gud Badaam Stick Kulfi,55.08
6,Anjeer Stick Kulfi,55.08
6,Butterscotch Stick Kulfi,55.08
6,Choco+aam Jugalbandi Slice Kulfi (pack Of 3),177.97
6,Gulkand+ Malai Jugalbandi Slice Kulfi (pack Of 3),177.97
6,Kesar Pista Matka Kulfi (pack Of 2),161.02
6,Kesar Pista Stick Kulfi,55.08
6,Thandai Stick Kulfi,55.08
6,Anjeer Stick Kulfi,55.08
6,Gud Badaam Stick Kulfi,55.08
6,Butterscotch Stick Kulfi,55.08
6,Chocolate Stick Kulfi,55.08
6,Dry Fruit Matka Kulfi (pack Of 2),161.02
6,Kesar Pista Matka Kulfi (pack Of 2),161.02
6,Shahi Gulkand Matka Kulfi (pack Of 2),161.02
6,Gud Badaam Matka Kulfi (pack Of 2),161.02
6,Shahi Gulkand Slice (pack Of 3),177.97
6,Gulkand+ Malai Jugalbandi Slice Kulfi (pack Of 3),177.97
6,Choco+aam Jugalbandi Slice Kulfi (pack Of 3),177.97
6,Choco+malai Jugalbandi Slice Kulfi (pack Of 3),177.97
