,res_name,Cuisine_name,price
0,Order Online/,Chicken Biryani,150
1,Order Online/,"Bamboo Chicken Biryani,330
2,Order Online/,"Bamboo Tikka Biriyani,380
3,Order Online/,Mutton Biriyani,160
4,Order Online/,"Drums Of Heaven [8
                                                                    Pieces]",280
5,Order Online/,Chicken Lollipop,230
6,Order Online/,Alfaham Mandi,480
7,Order Online/,"Bamboo Mutton Biryani,440
8,Order Online/,Mojito,80
9,Order Online/,"Boneless Butter Chicken,310
10,Order Online/,Chicken Rara,290
11,Order Online/,Dragon Chicken,290
12,Order Online/,Chicken Pepper,280
13,Order Online/,Chicken Tikka,280
14,Order Online/,"Chicken Manchurian
                                                                    Gravy",280
15,Order Online/,"Paneer Butter Masala,240
16,Order Online/,Chicken Fried Rice,200
17,Order Online/,French Fries,170
18,Order Online/,Lime Juice,60
19,Order Online/,Lime Soda,60
20,Order Online/,Fruit Salad,110
21,Order Online/,"Chicken Tikka [1 Piece],90
22,Order Online/,Grape Juice,80
23,Order Online/,Butter Naan,35
24,Order Online/,Lime Minit,60
25,Order Online/,"Lime With Mint + Ginger,60
26,Order Online/,Butter Kulcha,30
27,Order Online/,Ginger Lime,60
28,Order Online/,Raita,10
29,Order Online/,Tandoori Chicken,230
30,Order Online/,"Chicken Ghee Roast Dry,320
31,Order Online/,Alfaham,160
32,Order Online/,"Chicken Hot And Sour
                                                                    Soup",120
33,Order Online/,"Chicken Manchow Soup,120
34,Order Online/,"Coriander Lemon Soup,100
35,Order Online/,"Cream of Mushroom Soup,120
36,Order Online/,"Mutton Hot And Sour
                                                                    Soup",140
37,Order Online/,"Mutton Manchow Soup,140
38,Order Online/,Prawns Soup,140
39,Order Online/,"Veg Hot And Sour Soup,100
40,Order Online/,Veg Manchow Soup,100
41,Order Online/,"Baby Corn Manchurian
                                                                    Dry",200
42,Order Online/,French Fries,170
43,Order Online/,"Gobi Manchurian Dry,200
44,Order Online/,Mushroom 65,220
45,Order Online/,"Paneer Tikka 6 Pieces,240
46,Order Online/,Paneer Manchurian,220
47,Order Online/,"Mushroom Manchurian,220
48,Order Online/,Mushroom Pepper,220
49,Order Online/,Baby Corn Pepper,220
50,Order Online/,Egg Chilli Dry,200
51,Order Online/,Egg Chilli Gravy,200
52,Order Online/,Chicken Lollipop,230
53,Order Online/,"Chicken Manchurian Dry,280
54,Order Online/,"Chicken Manchurian
                                                                    Gravy",280
55,Order Online/,"Crispy Chicken [8
                                                                    Pieces]",310
56,Order Online/,"Drums Of Heaven [8
                                                                    Pieces]",280
57,Order Online/,Dragon Chicken,290
58,Order Online/,Chicken Chilli,280
59,Order Online/,Chicken Garlic,280
60,Order Online/,Chicken Pepper,280
61,Order Online/,Mutton Kabab,380
62,Order Online/,"Mutton Pepper Dry [8
                                                                    Pieces]",400
63,Order Online/,Chicken 65,250
64,Order Online/,Alfaham,160
65,Order Online/,"Bamboo Special Boneless
                                                                    Chicken Tikka",220
66,Order Online/,Chicken Tikka,280
67,Order Online/,Tandoori Chicken,230
68,Order Online/,"Chicken Tikka [1 Piece],90
69,Order Online/,"Boneless Butter Chicken,310
70,Order Online/,"Chicken Bamboo Special
                                                                    Gravy",490
71,Order Online/,"Chicken Ghee Roast Dry,320
72,Order Online/,Chicken Kadai,280
73,Order Online/,Chicken Kolhapuri,290
74,Order Online/,Chicken Rara,290
75,Order Online/,"Boneless Chicken Tikka
                                                                    Masala",300
76,Order Online/,Egg Masala,190
77,Order Online/,"Mutton Bamboo Special
                                                                    Gravy",550
78,Order Online/,Mutton Ghee Roast,360
79,Order Online/,Mutton Kadai,300
80,Order Online/,Mutton Kolhapuri,320
81,Order Online/,Mutton Rara,320
82,Order Online/,"Baby Corn Mushroom
                                                                    Masala",230
83,Order Online/,Dal Fry,170
84,Order Online/,Dal Tadka,170
85,Order Online/,Mushroom Masala,200
86,Order Online/,"Paneer Butter Masala,240
87,Order Online/,Veg Kadai,200
88,Order Online/,Veg Kolhapuri,200
89,Order Online/,"Fish Cooked In Banana
                                                                    Leaf",350
90,Order Online/,Meen Vattichad,350
91,Order Online/,Prawn Crispy,350
92,Order Online/,Prawns Vattichathu,350
93,Order Online/,Squid 65,320
94,Order Online/,Prawns 65,350
95,Order Online/,Fish Tikka,370
96,Order Online/,Squid Ghee Roast,320
97,Order Online/,Prawns Ghee Roast,350
98,Order Online/,Butter Kulcha,30
99,Order Online/,Butter Naan,35
100,Order Online/,Butter Roti,30
101,Order Online/,Garlic Kulcha,35
102,Order Online/,Garlic Naan,35
103,Order Online/,Garlic Roti,35
104,Order Online/,Kulcha,25
105,Order Online/,Naan,30
106,Order Online/,Tandoori Roti,25
107,Order Online/,Wheat Parotta,30
108,Order Online/,Kubbus,12
109,Order Online/,"Bamboo Tikka Biriyani,380
110,Order Online/,"Bamboo Chicken Biryani,330
111,Order Online/,Bamboo Egg Biryani,280
112,Order Online/,"Bamboo Fish Biryani,400
113,Order Online/,"Bamboo Mutton Biryani,440
114,Order Online/,"Bamboo Prawns Biryani,400
115,Order Online/,Bamboo Veg Biryani,280
116,Order Online/,Chicken Biryani,150
117,Order Online/,Ghee Rice,160
118,Order Online/,Mutton Biriyani,160
119,Order Online/,Bamboo Rice,160
120,Order Online/,Chicken Fried Rice,200
121,Order Online/,Chicken Noodles,200
122,Order Online/,Egg Fried Rice,170
123,Order Online/,Egg Noodles,170
124,Order Online/,Mutton Fried Rice,240
125,Order Online/,Mutton Noodles,240
126,Order Online/,Prawns Fried Rice,250
127,Order Online/,Veg Fried Rice,170
128,Order Online/,Veg Noodles,170
129,Order Online/,Paneer Fried Rice,200
130,Order Online/,Prawn Noodles,250
131,Order Online/,Paneer Noodles,200
132,Order Online/,Alfaham Mandi,480
133,Order Online/,Green Salad,110
134,Order Online/,Mixed Fruit Chaat,170
135,Order Online/,Apple Juice,110
136,Order Online/,Filfil Orange,80
137,Order Online/,Filfil Pineapple,80
138,Order Online/,Ginger Lime,60
139,Order Online/,Grape Juice,80
140,Order Online/,Grape Lime,70
141,Order Online/,Lime Juice,60
142,Order Online/,Lime Minit,60
143,Order Online/,Lime Soda,60
144,Order Online/,"Lime With Mint + Ginger,60
145,Order Online/,Mojito,80
146,Order Online/,Musk Melon Juice,80
147,Order Online/,Orange Lime,70
148,Order Online/,Pepper Lime,60
149,Order Online/,Pineapple Lime,80
150,Order Online/,"Sabja Mint Lemonade,60
151,Order Online/,Apple Milkshake,120
152,Order Online/,"Arabian Thick Shake,140
153,Order Online/,Cashew Milkshake,140
154,Order Online/,Chikoo Galaxy,150
155,Order Online/,"Chocolate Milkshake,110
156,Order Online/,"Chocolate Sharjah
                                                                    Milkshake",130
157,Order Online/,Grape Galaxy,170
158,Order Online/,Irani Milkshake,140
159,Order Online/,Papayaa Galaxy,170
160,Order Online/,Sharjah Milkshake,120
161,Order Online/,"Strawberry Milkshake,110
162,Order Online/,Sweet Lassi,80
163,Order Online/,Vanilla Milkshake,110
164,Order Online/,"Dry Fruit Thickshake,140
165,Order Online/,Bamboo Exotica,190
166,Order Online/,Bamboo Falooda,170
167,Order Online/,Fruit Salad,110
168,Order Online/,Gadbad,150
169,Order Online/,Mini Exotica,130
170,Order Online/,Raita,10
